[
{
   "model": "admin.logentry",
   "pk": 1,
   "fields": {
      "action_time": "2024-02-23T12:39:28.960Z",
      "user": 1,
      "content_type": 9,
      "object_id": "1",
      "object_repr": "Nikralet",
      "action_flag": 2,
      "change_message": "[{\"changed\": {\"fields\": [\"First name\", \"Last name\", \"Email address\", \"\\u041d\\u043e\\u043c\\u0435\\u0440 \\u0442\\u0435\\u043b\\u0435\\u0444\\u043e\\u043d\\u0430\"]}}]"
   }
},
{
   "model": "admin.logentry",
   "pk": 2,
   "fields": {
      "action_time": "2024-02-23T12:39:53.542Z",
      "user": 1,
      "content_type": 8,
      "object_id": "1",
      "object_repr": "Все",
      "action_flag": 1,
      "change_message": "[{\"added\": {}}]"
   }
},
{
   "model": "admin.logentry",
   "pk": 3,
   "fields": {
      "action_time": "2024-02-23T12:40:04.197Z",
      "user": 1,
      "content_type": 8,
      "object_id": "2",
      "object_repr": "Блюда на мангале",
      "action_flag": 1,
      "change_message": "[{\"added\": {}}]"
   }
},
{
   "model": "admin.logentry",
   "pk": 4,
   "fields": {
      "action_time": "2024-02-23T12:40:54.239Z",
      "user": 1,
      "content_type": 7,
      "object_id": "1",
      "object_repr": "Продукт: Тестовый шашлык | Категория: Блюда на мангале",
      "action_flag": 1,
      "change_message": "[{\"added\": {}}]"
   }
},
{
   "model": "admin.logentry",
   "pk": 5,
   "fields": {
      "action_time": "2024-02-26T09:14:57.351Z",
      "user": 1,
      "content_type": 7,
      "object_id": "2",
      "object_repr": "Продукт: Салат | Категория: Блюда на мангале",
      "action_flag": 1,
      "change_message": "[{\"added\": {}}]"
   }
},
{
   "model": "admin.logentry",
   "pk": 6,
   "fields": {
      "action_time": "2024-02-26T09:24:19.430Z",
      "user": 1,
      "content_type": 9,
      "object_id": "2",
      "object_repr": "Nikralet1",
      "action_flag": 3,
      "change_message": ""
   }
},
{
   "model": "admin.logentry",
   "pk": 7,
   "fields": {
      "action_time": "2024-02-26T12:07:04.589Z",
      "user": 1,
      "content_type": 10,
      "object_id": "5",
      "object_repr": "Заказ № 5 | Покупатель Назар Пащанин",
      "action_flag": 2,
      "change_message": "[{\"changed\": {\"fields\": [\"\\u041e\\u043f\\u043b\\u0430\\u0447\\u0435\\u043d\\u043e\"]}}]"
   }
},
{
   "model": "admin.logentry",
   "pk": 8,
   "fields": {
      "action_time": "2024-02-26T13:00:11.754Z",
      "user": 1,
      "content_type": 10,
      "object_id": "5",
      "object_repr": "Заказ № 5 | Покупатель Назар Пащанин",
      "action_flag": 2,
      "change_message": "[{\"changed\": {\"fields\": [\"\\u0421\\u0442\\u0430\\u0442\\u0443\\u0441 \\u0437\\u0430\\u043a\\u0430\\u0437\\u0430\"]}}]"
   }
},
{
   "model": "admin.logentry",
   "pk": 9,
   "fields": {
      "action_time": "2024-02-26T13:00:23.462Z",
      "user": 1,
      "content_type": 10,
      "object_id": "5",
      "object_repr": "Заказ № 5 | Покупатель Назар Пащанин",
      "action_flag": 2,
      "change_message": "[{\"changed\": {\"fields\": [\"\\u0421\\u0442\\u0430\\u0442\\u0443\\u0441 \\u0437\\u0430\\u043a\\u0430\\u0437\\u0430\"]}}]"
   }
},
{
   "model": "admin.logentry",
   "pk": 10,
   "fields": {
      "action_time": "2024-02-26T13:09:38.277Z",
      "user": 1,
      "content_type": 10,
      "object_id": "5",
      "object_repr": "Заказ № 5 | Покупатель Назар Пащанин",
      "action_flag": 2,
      "change_message": "[{\"changed\": {\"fields\": [\"\\u0421\\u0442\\u0430\\u0442\\u0443\\u0441 \\u0437\\u0430\\u043a\\u0430\\u0437\\u0430\"]}}]"
   }
},
{
   "model": "admin.logentry",
   "pk": 11,
   "fields": {
      "action_time": "2024-02-26T13:09:57.111Z",
      "user": 1,
      "content_type": 10,
      "object_id": "5",
      "object_repr": "Заказ № 5 | Покупатель Назар Пащанин",
      "action_flag": 2,
      "change_message": "[{\"changed\": {\"fields\": [\"\\u0421\\u0442\\u0430\\u0442\\u0443\\u0441 \\u0437\\u0430\\u043a\\u0430\\u0437\\u0430\"]}}]"
   }
},
{
   "model": "admin.logentry",
   "pk": 12,
   "fields": {
      "action_time": "2024-02-26T13:14:56.379Z",
      "user": 1,
      "content_type": 10,
      "object_id": "6",
      "object_repr": "Заказ № 6 | Покупатель Назар Пащанин",
      "action_flag": 2,
      "change_message": "[{\"changed\": {\"fields\": [\"\\u0421\\u0442\\u0430\\u0442\\u0443\\u0441 \\u0437\\u0430\\u043a\\u0430\\u0437\\u0430\"]}}]"
   }
},
{
   "model": "admin.logentry",
   "pk": 13,
   "fields": {
      "action_time": "2024-02-26T13:15:13.385Z",
      "user": 1,
      "content_type": 10,
      "object_id": "6",
      "object_repr": "Заказ № 6 | Покупатель Назар Пащанин",
      "action_flag": 2,
      "change_message": "[{\"changed\": {\"fields\": [\"\\u0421\\u0442\\u0430\\u0442\\u0443\\u0441 \\u0437\\u0430\\u043a\\u0430\\u0437\\u0430\"]}}]"
   }
},
{
   "model": "admin.logentry",
   "pk": 14,
   "fields": {
      "action_time": "2024-02-27T07:07:13.348Z",
      "user": 1,
      "content_type": 10,
      "object_id": "5",
      "object_repr": "Заказ № 5 | Покупатель Назар Пащанин",
      "action_flag": 2,
      "change_message": "[{\"changed\": {\"fields\": [\"\\u041f\\u043e\\u043b\\u044c\\u0437\\u043e\\u0432\\u0430\\u0442\\u0435\\u043b\\u044c\"]}}]"
   }
},
{
   "model": "admin.logentry",
   "pk": 15,
   "fields": {
      "action_time": "2024-02-27T12:44:31.794Z",
      "user": 1,
      "content_type": 10,
      "object_id": "2",
      "object_repr": "Заказ № 2 | Покупатель Назар Пащанин",
      "action_flag": 2,
      "change_message": "[{\"changed\": {\"name\": \"\\u041f\\u0440\\u043e\\u0434\\u0430\\u043d\\u043d\\u044b\\u0439 \\u0442\\u043e\\u0432\\u0430\\u0440\", \"object\": \"\\u0422\\u043e\\u0432\\u0430\\u0440 \\u0421\\u0430\\u043b\\u0430\\u0442 | \\u0417\\u0430\\u043a\\u0430\\u0437 \\u2116 2\", \"fields\": [\"\\u0426\\u0435\\u043d\\u0430\"]}}]"
   }
},
{
   "model": "admin.logentry",
   "pk": 16,
   "fields": {
      "action_time": "2024-02-27T17:11:05.983Z",
      "user": 1,
      "content_type": 10,
      "object_id": "1",
      "object_repr": "Заказ № 1 | Покупатель Назар Пащанин",
      "action_flag": 2,
      "change_message": "[{\"changed\": {\"fields\": [\"\\u041e\\u043f\\u043b\\u0430\\u0447\\u0435\\u043d\\u043e\"]}}]"
   }
},
{
   "model": "admin.logentry",
   "pk": 17,
   "fields": {
      "action_time": "2024-02-27T17:12:25.977Z",
      "user": 1,
      "content_type": 10,
      "object_id": "2",
      "object_repr": "Заказ № 2 | Покупатель Назар Пащанин",
      "action_flag": 2,
      "change_message": "[{\"changed\": {\"fields\": [\"\\u041e\\u043f\\u043b\\u0430\\u0447\\u0435\\u043d\\u043e\"]}}]"
   }
},
{
   "model": "admin.logentry",
   "pk": 18,
   "fields": {
      "action_time": "2024-02-27T18:44:11.943Z",
      "user": 1,
      "content_type": 9,
      "object_id": "1",
      "object_repr": "Nikralet",
      "action_flag": 2,
      "change_message": "[{\"changed\": {\"fields\": [\"\\u0411\\u0430\\u043b\\u043b\\u044b \\u043f\\u0440\\u043e\\u0433\\u0440\\u0430\\u043c\\u043c\\u044b \\u043b\\u043e\\u044f\\u043b\\u044c\\u043d\\u043e\\u0441\\u0442\\u0438\"]}}]"
   }
},
{
   "model": "admin.logentry",
   "pk": 19,
   "fields": {
      "action_time": "2024-02-27T18:44:41.717Z",
      "user": 1,
      "content_type": 9,
      "object_id": "1",
      "object_repr": "Nikralet",
      "action_flag": 2,
      "change_message": "[{\"changed\": {\"fields\": [\"\\u0411\\u0430\\u043b\\u043b\\u044b \\u043f\\u0440\\u043e\\u0433\\u0440\\u0430\\u043c\\u043c\\u044b \\u043b\\u043e\\u044f\\u043b\\u044c\\u043d\\u043e\\u0441\\u0442\\u0438\"]}}]"
   }
},
{
   "model": "admin.logentry",
   "pk": 20,
   "fields": {
      "action_time": "2024-02-27T19:10:26.181Z",
      "user": 1,
      "content_type": 9,
      "object_id": "1",
      "object_repr": "Nikralet",
      "action_flag": 2,
      "change_message": "[{\"changed\": {\"fields\": [\"\\u0411\\u0430\\u043b\\u043b\\u044b \\u043f\\u0440\\u043e\\u0433\\u0440\\u0430\\u043c\\u043c\\u044b \\u043b\\u043e\\u044f\\u043b\\u044c\\u043d\\u043e\\u0441\\u0442\\u0438\"]}}]"
   }
},
{
   "model": "admin.logentry",
   "pk": 21,
   "fields": {
      "action_time": "2024-02-27T19:10:36.788Z",
      "user": 1,
      "content_type": 9,
      "object_id": "1",
      "object_repr": "Nikralet",
      "action_flag": 2,
      "change_message": "[{\"changed\": {\"fields\": [\"\\u0411\\u0430\\u043b\\u043b\\u044b \\u043f\\u0440\\u043e\\u0433\\u0440\\u0430\\u043c\\u043c\\u044b \\u043b\\u043e\\u044f\\u043b\\u044c\\u043d\\u043e\\u0441\\u0442\\u0438\"]}}]"
   }
},
{
   "model": "admin.logentry",
   "pk": 22,
   "fields": {
      "action_time": "2024-02-27T19:20:41.168Z",
      "user": 1,
      "content_type": 9,
      "object_id": "3",
      "object_repr": "Nikralet1",
      "action_flag": 2,
      "change_message": "[{\"changed\": {\"fields\": [\"\\u0411\\u0430\\u043b\\u043b\\u044b \\u043f\\u0440\\u043e\\u0433\\u0440\\u0430\\u043c\\u043c\\u044b \\u043b\\u043e\\u044f\\u043b\\u044c\\u043d\\u043e\\u0441\\u0442\\u0438\"]}}]"
   }
},
{
   "model": "admin.logentry",
   "pk": 23,
   "fields": {
      "action_time": "2024-02-28T13:07:12.222Z",
      "user": 1,
      "content_type": 8,
      "object_id": "3",
      "object_repr": "Горячие блюда",
      "action_flag": 1,
      "change_message": "[{\"added\": {}}]"
   }
},
{
   "model": "admin.logentry",
   "pk": 24,
   "fields": {
      "action_time": "2024-02-28T13:07:18.936Z",
      "user": 1,
      "content_type": 8,
      "object_id": "4",
      "object_repr": "Супы",
      "action_flag": 1,
      "change_message": "[{\"added\": {}}]"
   }
},
{
   "model": "admin.logentry",
   "pk": 25,
   "fields": {
      "action_time": "2024-02-28T13:07:26.628Z",
      "user": 1,
      "content_type": 8,
      "object_id": "5",
      "object_repr": "Гарниры",
      "action_flag": 1,
      "change_message": "[{\"added\": {}}]"
   }
},
{
   "model": "admin.logentry",
   "pk": 26,
   "fields": {
      "action_time": "2024-02-28T13:07:33.667Z",
      "user": 1,
      "content_type": 8,
      "object_id": "6",
      "object_repr": "Салаты",
      "action_flag": 1,
      "change_message": "[{\"added\": {}}]"
   }
},
{
   "model": "admin.logentry",
   "pk": 27,
   "fields": {
      "action_time": "2024-02-28T13:07:41.347Z",
      "user": 1,
      "content_type": 8,
      "object_id": "7",
      "object_repr": "Закуски",
      "action_flag": 1,
      "change_message": "[{\"added\": {}}]"
   }
},
{
   "model": "admin.logentry",
   "pk": 28,
   "fields": {
      "action_time": "2024-02-28T13:07:45.685Z",
      "user": 1,
      "content_type": 8,
      "object_id": "8",
      "object_repr": "Напитки",
      "action_flag": 1,
      "change_message": "[{\"added\": {}}]"
   }
},
{
   "model": "admin.logentry",
   "pk": 29,
   "fields": {
      "action_time": "2024-02-28T13:07:52.580Z",
      "user": 1,
      "content_type": 7,
      "object_id": "2",
      "object_repr": "Продукт: Салат | Категория: Салаты",
      "action_flag": 2,
      "change_message": "[{\"changed\": {\"fields\": [\"\\u041a\\u0430\\u0442\\u0435\\u0433\\u043e\\u0440\\u0438\\u044f\"]}}]"
   }
},
{
   "model": "admin.logentry",
   "pk": 30,
   "fields": {
      "action_time": "2024-02-29T12:08:47.420Z",
      "user": 1,
      "content_type": 10,
      "object_id": "9",
      "object_repr": "Заказ № 9 | Покупатель Назар Пащанин",
      "action_flag": 2,
      "change_message": "[{\"changed\": {\"fields\": [\"\\u041e\\u043f\\u043b\\u0430\\u0447\\u0435\\u043d\\u043e\"]}}]"
   }
},
{
   "model": "admin.logentry",
   "pk": 31,
   "fields": {
      "action_time": "2024-02-29T12:09:05.616Z",
      "user": 1,
      "content_type": 10,
      "object_id": "8",
      "object_repr": "Заказ № 8 | Покупатель Назар Пащанин",
      "action_flag": 2,
      "change_message": "[{\"changed\": {\"fields\": [\"\\u041e\\u043f\\u043b\\u0430\\u0447\\u0435\\u043d\\u043e\"]}}]"
   }
},
{
   "model": "admin.logentry",
   "pk": 32,
   "fields": {
      "action_time": "2024-02-29T12:17:02.222Z",
      "user": 1,
      "content_type": 10,
      "object_id": "7",
      "object_repr": "Заказ № 7 | Покупатель Назар Пащанин",
      "action_flag": 2,
      "change_message": "[{\"changed\": {\"fields\": [\"\\u041e\\u043f\\u043b\\u0430\\u0447\\u0435\\u043d\\u043e\"]}}]"
   }
},
{
   "model": "admin.logentry",
   "pk": 33,
   "fields": {
      "action_time": "2024-02-29T16:13:24.421Z",
      "user": 1,
      "content_type": 10,
      "object_id": "9",
      "object_repr": "Заказ № 9 | Покупатель Назар Пащанин",
      "action_flag": 2,
      "change_message": "[{\"added\": {\"name\": \"\\u041f\\u0440\\u043e\\u0434\\u0430\\u043d\\u043d\\u044b\\u0439 \\u0442\\u043e\\u0432\\u0430\\u0440\", \"object\": \"\\u0422\\u043e\\u0432\\u0430\\u0440 \\u0421\\u0430\\u043b\\u0430\\u0442 | \\u0417\\u0430\\u043a\\u0430\\u0437 \\u2116 9\"}}]"
   }
},
{
   "model": "admin.logentry",
   "pk": 34,
   "fields": {
      "action_time": "2024-02-29T16:14:15.728Z",
      "user": 1,
      "content_type": 7,
      "object_id": "2",
      "object_repr": "Продукт: Салат | Категория: Салаты",
      "action_flag": 3,
      "change_message": ""
   }
},
{
   "model": "admin.logentry",
   "pk": 35,
   "fields": {
      "action_time": "2024-02-29T16:14:21.878Z",
      "user": 1,
      "content_type": 10,
      "object_id": "9",
      "object_repr": "Заказ № 9 | Покупатель Назар Пащанин",
      "action_flag": 2,
      "change_message": "[{\"deleted\": {\"name\": \"\\u041f\\u0440\\u043e\\u0434\\u0430\\u043d\\u043d\\u044b\\u0439 \\u0442\\u043e\\u0432\\u0430\\u0440\", \"object\": \"\\u0422\\u043e\\u0432\\u0430\\u0440 \\u0421\\u0430\\u043b\\u0430\\u0442 | \\u0417\\u0430\\u043a\\u0430\\u0437 \\u2116 9\"}}]"
   }
},
{
   "model": "admin.logentry",
   "pk": 36,
   "fields": {
      "action_time": "2024-02-29T16:14:33.658Z",
      "user": 1,
      "content_type": 10,
      "object_id": "9",
      "object_repr": "Заказ № 9 | Покупатель Назар Пащанин",
      "action_flag": 3,
      "change_message": ""
   }
},
{
   "model": "admin.logentry",
   "pk": 37,
   "fields": {
      "action_time": "2024-02-29T16:15:44.611Z",
      "user": 1,
      "content_type": 7,
      "object_id": "3",
      "object_repr": "Продукт: Салат | Категория: Салаты",
      "action_flag": 1,
      "change_message": "[{\"added\": {}}]"
   }
},
{
   "model": "admin.logentry",
   "pk": 38,
   "fields": {
      "action_time": "2024-02-29T16:27:19.138Z",
      "user": 1,
      "content_type": 10,
      "object_id": "10",
      "object_repr": "Заказ № 10 | Покупатель Назар Пащанин",
      "action_flag": 2,
      "change_message": "[{\"changed\": {\"fields\": [\"\\u041e\\u043f\\u043b\\u0430\\u0447\\u0435\\u043d\\u043e\"]}}]"
   }
},
{
   "model": "admin.logentry",
   "pk": 39,
   "fields": {
      "action_time": "2024-03-02T10:41:10.524Z",
      "user": 1,
      "content_type": 7,
      "object_id": "1",
      "object_repr": "Продукт: Тестовый шашлык | Категория: Блюда на мангале",
      "action_flag": 2,
      "change_message": "[{\"changed\": {\"fields\": [\"\\u0426\\u0435\\u043d\\u0430\"]}}]"
   }
},
{
   "model": "admin.logentry",
   "pk": 40,
   "fields": {
      "action_time": "2024-03-02T13:21:19.502Z",
      "user": 1,
      "content_type": 9,
      "object_id": "1",
      "object_repr": "Nikralet",
      "action_flag": 2,
      "change_message": "[{\"changed\": {\"fields\": [\"\\u0411\\u0430\\u043b\\u043b\\u044b \\u043f\\u0440\\u043e\\u0433\\u0440\\u0430\\u043c\\u043c\\u044b \\u043b\\u043e\\u044f\\u043b\\u044c\\u043d\\u043e\\u0441\\u0442\\u0438\"]}}]"
   }
},
{
   "model": "admin.logentry",
   "pk": 41,
   "fields": {
      "action_time": "2024-03-02T14:42:06.336Z",
      "user": 1,
      "content_type": 10,
      "object_id": "11",
      "object_repr": "Заказ № 11 | Покупатель Назар Пащанин",
      "action_flag": 3,
      "change_message": ""
   }
},
{
   "model": "admin.logentry",
   "pk": 42,
   "fields": {
      "action_time": "2024-03-02T15:14:53.978Z",
      "user": 1,
      "content_type": 10,
      "object_id": "12",
      "object_repr": "Заказ № 12 | Покупатель Назар Пащанин",
      "action_flag": 3,
      "change_message": ""
   }
},
{
   "model": "admin.logentry",
   "pk": 43,
   "fields": {
      "action_time": "2024-03-02T22:02:01.514Z",
      "user": 1,
      "content_type": 10,
      "object_id": "14",
      "object_repr": "Заказ № 14 | Покупатель Назар Пащанин",
      "action_flag": 2,
      "change_message": "[{\"changed\": {\"fields\": [\"\\u041e\\u043f\\u043b\\u0430\\u0447\\u0435\\u043d\\u043e\"]}}]"
   }
},
{
   "model": "admin.logentry",
   "pk": 44,
   "fields": {
      "action_time": "2024-03-02T22:02:25.928Z",
      "user": 1,
      "content_type": 9,
      "object_id": "1",
      "object_repr": "Nikralet",
      "action_flag": 2,
      "change_message": "[{\"changed\": {\"fields\": [\"\\u0411\\u0430\\u043b\\u043b\\u044b \\u043f\\u0440\\u043e\\u0433\\u0440\\u0430\\u043c\\u043c\\u044b \\u043b\\u043e\\u044f\\u043b\\u044c\\u043d\\u043e\\u0441\\u0442\\u0438\"]}}]"
   }
},
{
   "model": "admin.logentry",
   "pk": 45,
   "fields": {
      "action_time": "2024-03-02T22:08:55.630Z",
      "user": 1,
      "content_type": 9,
      "object_id": "1",
      "object_repr": "Nikralet",
      "action_flag": 2,
      "change_message": "[{\"changed\": {\"fields\": [\"\\u0411\\u0430\\u043b\\u043b\\u044b \\u043f\\u0440\\u043e\\u0433\\u0440\\u0430\\u043c\\u043c\\u044b \\u043b\\u043e\\u044f\\u043b\\u044c\\u043d\\u043e\\u0441\\u0442\\u0438\"]}}]"
   }
},
{
   "model": "admin.logentry",
   "pk": 46,
   "fields": {
      "action_time": "2024-03-02T22:11:27.641Z",
      "user": 1,
      "content_type": 9,
      "object_id": "1",
      "object_repr": "Nikralet",
      "action_flag": 2,
      "change_message": "[{\"changed\": {\"fields\": [\"\\u0411\\u0430\\u043b\\u043b\\u044b \\u043f\\u0440\\u043e\\u0433\\u0440\\u0430\\u043c\\u043c\\u044b \\u043b\\u043e\\u044f\\u043b\\u044c\\u043d\\u043e\\u0441\\u0442\\u0438\"]}}]"
   }
},
{
   "model": "admin.logentry",
   "pk": 47,
   "fields": {
      "action_time": "2024-03-02T22:19:38.396Z",
      "user": 1,
      "content_type": 9,
      "object_id": "1",
      "object_repr": "Nikralet",
      "action_flag": 2,
      "change_message": "[{\"changed\": {\"fields\": [\"\\u0411\\u0430\\u043b\\u043b\\u044b \\u043f\\u0440\\u043e\\u0433\\u0440\\u0430\\u043c\\u043c\\u044b \\u043b\\u043e\\u044f\\u043b\\u044c\\u043d\\u043e\\u0441\\u0442\\u0438\"]}}]"
   }
},
{
   "model": "admin.logentry",
   "pk": 48,
   "fields": {
      "action_time": "2024-03-02T22:20:06.735Z",
      "user": 1,
      "content_type": 9,
      "object_id": "1",
      "object_repr": "Nikralet",
      "action_flag": 2,
      "change_message": "[{\"changed\": {\"fields\": [\"\\u0411\\u0430\\u043b\\u043b\\u044b \\u043f\\u0440\\u043e\\u0433\\u0440\\u0430\\u043c\\u043c\\u044b \\u043b\\u043e\\u044f\\u043b\\u044c\\u043d\\u043e\\u0441\\u0442\\u0438\"]}}]"
   }
},
{
   "model": "admin.logentry",
   "pk": 49,
   "fields": {
      "action_time": "2024-03-02T22:20:41.353Z",
      "user": 1,
      "content_type": 10,
      "object_id": "15",
      "object_repr": "Заказ № 15 | Покупатель Назар Пащанин",
      "action_flag": 2,
      "change_message": "[{\"changed\": {\"fields\": [\"\\u041e\\u043f\\u043b\\u0430\\u0447\\u0435\\u043d\\u043e\"]}}]"
   }
},
{
   "model": "admin.logentry",
   "pk": 50,
   "fields": {
      "action_time": "2024-03-02T23:02:42.994Z",
      "user": 1,
      "content_type": 9,
      "object_id": "1",
      "object_repr": "Nikralet",
      "action_flag": 2,
      "change_message": "[{\"changed\": {\"fields\": [\"\\u0411\\u0430\\u043b\\u043b\\u044b \\u043f\\u0440\\u043e\\u0433\\u0440\\u0430\\u043c\\u043c\\u044b \\u043b\\u043e\\u044f\\u043b\\u044c\\u043d\\u043e\\u0441\\u0442\\u0438\"]}}]"
   }
},
{
   "model": "admin.logentry",
   "pk": 51,
   "fields": {
      "action_time": "2024-03-03T10:35:59.486Z",
      "user": 1,
      "content_type": 10,
      "object_id": "36",
      "object_repr": "Заказ № 36 | Покупатель Назар Пащанин| Суммарная стоимость: 2200",
      "action_flag": 2,
      "change_message": "[{\"changed\": {\"fields\": [\"\\u041e\\u043f\\u043b\\u0430\\u0447\\u0435\\u043d\\u043e\"]}}]"
   }
},
{
   "model": "admin.logentry",
   "pk": 52,
   "fields": {
      "action_time": "2024-03-03T11:53:13.646Z",
      "user": 1,
      "content_type": 9,
      "object_id": "1",
      "object_repr": "Nikralet",
      "action_flag": 2,
      "change_message": "[{\"changed\": {\"fields\": [\"\\u0411\\u0430\\u043b\\u043b\\u044b \\u043f\\u0440\\u043e\\u0433\\u0440\\u0430\\u043c\\u043c\\u044b \\u043b\\u043e\\u044f\\u043b\\u044c\\u043d\\u043e\\u0441\\u0442\\u0438\"]}}]"
   }
},
{
   "model": "admin.logentry",
   "pk": 53,
   "fields": {
      "action_time": "2024-03-03T11:55:17.646Z",
      "user": 1,
      "content_type": 9,
      "object_id": "1",
      "object_repr": "Nikralet",
      "action_flag": 2,
      "change_message": "[{\"changed\": {\"fields\": [\"\\u0411\\u0430\\u043b\\u043b\\u044b \\u043f\\u0440\\u043e\\u0433\\u0440\\u0430\\u043c\\u043c\\u044b \\u043b\\u043e\\u044f\\u043b\\u044c\\u043d\\u043e\\u0441\\u0442\\u0438\"]}}]"
   }
},
{
   "model": "admin.logentry",
   "pk": 54,
   "fields": {
      "action_time": "2024-03-03T12:02:52.636Z",
      "user": 1,
      "content_type": 9,
      "object_id": "1",
      "object_repr": "Nikralet",
      "action_flag": 2,
      "change_message": "[{\"changed\": {\"fields\": [\"\\u0411\\u0430\\u043b\\u043b\\u044b \\u043f\\u0440\\u043e\\u0433\\u0440\\u0430\\u043c\\u043c\\u044b \\u043b\\u043e\\u044f\\u043b\\u044c\\u043d\\u043e\\u0441\\u0442\\u0438\"]}}]"
   }
},
{
   "model": "admin.logentry",
   "pk": 55,
   "fields": {
      "action_time": "2024-03-03T12:09:26.242Z",
      "user": 1,
      "content_type": 9,
      "object_id": "1",
      "object_repr": "Nikralet",
      "action_flag": 2,
      "change_message": "[{\"changed\": {\"fields\": [\"\\u0411\\u0430\\u043b\\u043b\\u044b \\u043f\\u0440\\u043e\\u0433\\u0440\\u0430\\u043c\\u043c\\u044b \\u043b\\u043e\\u044f\\u043b\\u044c\\u043d\\u043e\\u0441\\u0442\\u0438\"]}}]"
   }
},
{
   "model": "admin.logentry",
   "pk": 56,
   "fields": {
      "action_time": "2024-03-03T12:11:28.351Z",
      "user": 1,
      "content_type": 9,
      "object_id": "1",
      "object_repr": "Nikralet",
      "action_flag": 2,
      "change_message": "[{\"changed\": {\"fields\": [\"\\u0411\\u0430\\u043b\\u043b\\u044b \\u043f\\u0440\\u043e\\u0433\\u0440\\u0430\\u043c\\u043c\\u044b \\u043b\\u043e\\u044f\\u043b\\u044c\\u043d\\u043e\\u0441\\u0442\\u0438\"]}}]"
   }
},
{
   "model": "admin.logentry",
   "pk": 57,
   "fields": {
      "action_time": "2024-03-03T12:13:42.475Z",
      "user": 1,
      "content_type": 9,
      "object_id": "1",
      "object_repr": "Nikralet",
      "action_flag": 2,
      "change_message": "[{\"changed\": {\"fields\": [\"\\u0411\\u0430\\u043b\\u043b\\u044b \\u043f\\u0440\\u043e\\u0433\\u0440\\u0430\\u043c\\u043c\\u044b \\u043b\\u043e\\u044f\\u043b\\u044c\\u043d\\u043e\\u0441\\u0442\\u0438\"]}}]"
   }
},
{
   "model": "admin.logentry",
   "pk": 58,
   "fields": {
      "action_time": "2024-03-03T12:22:06.422Z",
      "user": 1,
      "content_type": 9,
      "object_id": "1",
      "object_repr": "Nikralet",
      "action_flag": 2,
      "change_message": "[{\"changed\": {\"fields\": [\"\\u0411\\u0430\\u043b\\u043b\\u044b \\u043f\\u0440\\u043e\\u0433\\u0440\\u0430\\u043c\\u043c\\u044b \\u043b\\u043e\\u044f\\u043b\\u044c\\u043d\\u043e\\u0441\\u0442\\u0438\"]}}]"
   }
},
{
   "model": "admin.logentry",
   "pk": 59,
   "fields": {
      "action_time": "2024-03-03T12:22:25.920Z",
      "user": 1,
      "content_type": 10,
      "object_id": "36",
      "object_repr": "Заказ № 36 | Покупатель Назар Пащанин| Суммарная стоимость: 2200",
      "action_flag": 3,
      "change_message": ""
   }
},
{
   "model": "admin.logentry",
   "pk": 60,
   "fields": {
      "action_time": "2024-03-03T12:22:26.013Z",
      "user": 1,
      "content_type": 10,
      "object_id": "35",
      "object_repr": "Заказ № 35 | Покупатель Назар Пащанин| Суммарная стоимость: 1100",
      "action_flag": 3,
      "change_message": ""
   }
},
{
   "model": "admin.logentry",
   "pk": 61,
   "fields": {
      "action_time": "2024-03-03T12:22:26.121Z",
      "user": 1,
      "content_type": 10,
      "object_id": "34",
      "object_repr": "Заказ № 34 | Покупатель Назар Пащанин| Суммарная стоимость: 2806",
      "action_flag": 3,
      "change_message": ""
   }
},
{
   "model": "admin.logentry",
   "pk": 62,
   "fields": {
      "action_time": "2024-03-03T12:22:26.231Z",
      "user": 1,
      "content_type": 10,
      "object_id": "33",
      "object_repr": "Заказ № 33 | Покупатель Назар Пащанин| Суммарная стоимость: 0",
      "action_flag": 3,
      "change_message": ""
   }
},
{
   "model": "admin.logentry",
   "pk": 63,
   "fields": {
      "action_time": "2024-03-03T12:22:26.374Z",
      "user": 1,
      "content_type": 10,
      "object_id": "32",
      "object_repr": "Заказ № 32 | Покупатель Назар Пащанин| Суммарная стоимость: 0",
      "action_flag": 3,
      "change_message": ""
   }
},
{
   "model": "admin.logentry",
   "pk": 64,
   "fields": {
      "action_time": "2024-03-03T12:22:26.456Z",
      "user": 1,
      "content_type": 10,
      "object_id": "31",
      "object_repr": "Заказ № 31 | Покупатель Назар Пащанин| Суммарная стоимость: 0",
      "action_flag": 3,
      "change_message": ""
   }
},
{
   "model": "admin.logentry",
   "pk": 65,
   "fields": {
      "action_time": "2024-03-03T12:22:26.540Z",
      "user": 1,
      "content_type": 10,
      "object_id": "30",
      "object_repr": "Заказ № 30 | Покупатель Назар Пащанин| Суммарная стоимость: 0",
      "action_flag": 3,
      "change_message": ""
   }
},
{
   "model": "admin.logentry",
   "pk": 66,
   "fields": {
      "action_time": "2024-03-03T12:22:26.649Z",
      "user": 1,
      "content_type": 10,
      "object_id": "29",
      "object_repr": "Заказ № 29 | Покупатель Назар Пащанин| Суммарная стоимость: 2806",
      "action_flag": 3,
      "change_message": ""
   }
},
{
   "model": "admin.logentry",
   "pk": 67,
   "fields": {
      "action_time": "2024-03-03T12:22:26.757Z",
      "user": 1,
      "content_type": 10,
      "object_id": "28",
      "object_repr": "Заказ № 28 | Покупатель Назар Пащанин| Суммарная стоимость: 13806",
      "action_flag": 3,
      "change_message": ""
   }
},
{
   "model": "admin.logentry",
   "pk": 68,
   "fields": {
      "action_time": "2024-03-03T12:22:26.831Z",
      "user": 1,
      "content_type": 10,
      "object_id": "27",
      "object_repr": "Заказ № 27 | Покупатель Назар Пащанин| Суммарная стоимость: 3194",
      "action_flag": 3,
      "change_message": ""
   }
},
{
   "model": "admin.logentry",
   "pk": 69,
   "fields": {
      "action_time": "2024-03-03T12:22:26.915Z",
      "user": 1,
      "content_type": 10,
      "object_id": "26",
      "object_repr": "Заказ № 26 | Покупатель Назар Пащанин| Суммарная стоимость: 0",
      "action_flag": 3,
      "change_message": ""
   }
},
{
   "model": "admin.logentry",
   "pk": 70,
   "fields": {
      "action_time": "2024-03-03T12:22:27.023Z",
      "user": 1,
      "content_type": 10,
      "object_id": "25",
      "object_repr": "Заказ № 25 | Покупатель Назар Пащанин| Суммарная стоимость: 0",
      "action_flag": 3,
      "change_message": ""
   }
},
{
   "model": "admin.logentry",
   "pk": 71,
   "fields": {
      "action_time": "2024-03-03T12:22:27.105Z",
      "user": 1,
      "content_type": 10,
      "object_id": "24",
      "object_repr": "Заказ № 24 | Покупатель Назар Пащанин| Суммарная стоимость: 0",
      "action_flag": 3,
      "change_message": ""
   }
},
{
   "model": "admin.logentry",
   "pk": 72,
   "fields": {
      "action_time": "2024-03-03T12:22:27.188Z",
      "user": 1,
      "content_type": 10,
      "object_id": "23",
      "object_repr": "Заказ № 23 | Покупатель Назар Пащанин| Суммарная стоимость: 0",
      "action_flag": 3,
      "change_message": ""
   }
},
{
   "model": "admin.logentry",
   "pk": 73,
   "fields": {
      "action_time": "2024-03-03T12:22:27.291Z",
      "user": 1,
      "content_type": 10,
      "object_id": "22",
      "object_repr": "Заказ № 22 | Покупатель Назар Пащанин| Суммарная стоимость: 0",
      "action_flag": 3,
      "change_message": ""
   }
},
{
   "model": "admin.logentry",
   "pk": 74,
   "fields": {
      "action_time": "2024-03-03T12:22:27.390Z",
      "user": 1,
      "content_type": 10,
      "object_id": "21",
      "object_repr": "Заказ № 21 | Покупатель Назар Пащанин| Суммарная стоимость: 0",
      "action_flag": 3,
      "change_message": ""
   }
},
{
   "model": "admin.logentry",
   "pk": 75,
   "fields": {
      "action_time": "2024-03-03T12:22:27.488Z",
      "user": 1,
      "content_type": 10,
      "object_id": "20",
      "object_repr": "Заказ № 20 | Покупатель Назар Пащанин| Суммарная стоимость: 0",
      "action_flag": 3,
      "change_message": ""
   }
},
{
   "model": "admin.logentry",
   "pk": 76,
   "fields": {
      "action_time": "2024-03-03T12:22:27.572Z",
      "user": 1,
      "content_type": 10,
      "object_id": "19",
      "object_repr": "Заказ № 19 | Покупатель Назар Пащанин| Суммарная стоимость: 0",
      "action_flag": 3,
      "change_message": ""
   }
},
{
   "model": "admin.logentry",
   "pk": 77,
   "fields": {
      "action_time": "2024-03-03T12:22:27.647Z",
      "user": 1,
      "content_type": 10,
      "object_id": "18",
      "object_repr": "Заказ № 18 | Покупатель Назар Пащанин| Суммарная стоимость: 0",
      "action_flag": 3,
      "change_message": ""
   }
},
{
   "model": "admin.logentry",
   "pk": 78,
   "fields": {
      "action_time": "2024-03-03T12:22:27.714Z",
      "user": 1,
      "content_type": 10,
      "object_id": "17",
      "object_repr": "Заказ № 17 | Покупатель Назар Пащанин| Суммарная стоимость: 0",
      "action_flag": 3,
      "change_message": ""
   }
},
{
   "model": "admin.logentry",
   "pk": 79,
   "fields": {
      "action_time": "2024-03-03T12:22:27.815Z",
      "user": 1,
      "content_type": 10,
      "object_id": "16",
      "object_repr": "Заказ № 16 | Покупатель Назар Пащанин| Суммарная стоимость: 0",
      "action_flag": 3,
      "change_message": ""
   }
},
{
   "model": "admin.logentry",
   "pk": 80,
   "fields": {
      "action_time": "2024-03-03T12:22:27.905Z",
      "user": 1,
      "content_type": 10,
      "object_id": "15",
      "object_repr": "Заказ № 15 | Покупатель Назар Пащанин| Суммарная стоимость: 0",
      "action_flag": 3,
      "change_message": ""
   }
},
{
   "model": "admin.logentry",
   "pk": 81,
   "fields": {
      "action_time": "2024-03-03T12:22:27.997Z",
      "user": 1,
      "content_type": 10,
      "object_id": "14",
      "object_repr": "Заказ № 14 | Покупатель Назар Пащанин| Суммарная стоимость: 0",
      "action_flag": 3,
      "change_message": ""
   }
},
{
   "model": "admin.logentry",
   "pk": 82,
   "fields": {
      "action_time": "2024-03-03T12:22:28.098Z",
      "user": 1,
      "content_type": 10,
      "object_id": "13",
      "object_repr": "Заказ № 13 | Покупатель Назар Пащанин| Суммарная стоимость: 0",
      "action_flag": 3,
      "change_message": ""
   }
},
{
   "model": "admin.logentry",
   "pk": 83,
   "fields": {
      "action_time": "2024-03-03T12:22:28.188Z",
      "user": 1,
      "content_type": 10,
      "object_id": "10",
      "object_repr": "Заказ № 10 | Покупатель Назар Пащанин| Суммарная стоимость: 0",
      "action_flag": 3,
      "change_message": ""
   }
},
{
   "model": "admin.logentry",
   "pk": 84,
   "fields": {
      "action_time": "2024-03-03T12:22:28.280Z",
      "user": 1,
      "content_type": 10,
      "object_id": "8",
      "object_repr": "Заказ № 8 | Покупатель Назар Пащанин| Суммарная стоимость: 0",
      "action_flag": 3,
      "change_message": ""
   }
},
{
   "model": "admin.logentry",
   "pk": 85,
   "fields": {
      "action_time": "2024-03-03T12:22:28.381Z",
      "user": 1,
      "content_type": 10,
      "object_id": "7",
      "object_repr": "Заказ № 7 | Покупатель Назар Пащанин| Суммарная стоимость: 0",
      "action_flag": 3,
      "change_message": ""
   }
},
{
   "model": "admin.logentry",
   "pk": 86,
   "fields": {
      "action_time": "2024-03-03T12:22:28.481Z",
      "user": 1,
      "content_type": 10,
      "object_id": "6",
      "object_repr": "Заказ № 6 | Покупатель Назар Пащанин| Суммарная стоимость: 0",
      "action_flag": 3,
      "change_message": ""
   }
},
{
   "model": "admin.logentry",
   "pk": 87,
   "fields": {
      "action_time": "2024-03-03T12:22:28.563Z",
      "user": 1,
      "content_type": 10,
      "object_id": "5",
      "object_repr": "Заказ № 5 | Покупатель Назар Пащанин| Суммарная стоимость: 0",
      "action_flag": 3,
      "change_message": ""
   }
},
{
   "model": "admin.logentry",
   "pk": 88,
   "fields": {
      "action_time": "2024-03-03T12:22:28.647Z",
      "user": 1,
      "content_type": 10,
      "object_id": "4",
      "object_repr": "Заказ № 4 | Покупатель Назар Пащанин| Суммарная стоимость: 0",
      "action_flag": 3,
      "change_message": ""
   }
},
{
   "model": "admin.logentry",
   "pk": 89,
   "fields": {
      "action_time": "2024-03-03T12:22:28.741Z",
      "user": 1,
      "content_type": 10,
      "object_id": "3",
      "object_repr": "Заказ № 3 | Покупатель Назар Пащанин| Суммарная стоимость: 0",
      "action_flag": 3,
      "change_message": ""
   }
},
{
   "model": "admin.logentry",
   "pk": 90,
   "fields": {
      "action_time": "2024-03-03T12:22:28.832Z",
      "user": 1,
      "content_type": 10,
      "object_id": "2",
      "object_repr": "Заказ № 2 | Покупатель Назар Пащанин| Суммарная стоимость: 0",
      "action_flag": 3,
      "change_message": ""
   }
},
{
   "model": "admin.logentry",
   "pk": 91,
   "fields": {
      "action_time": "2024-03-03T12:22:28.923Z",
      "user": 1,
      "content_type": 10,
      "object_id": "1",
      "object_repr": "Заказ № 1 | Покупатель Назар Пащанин| Суммарная стоимость: 0",
      "action_flag": 3,
      "change_message": ""
   }
},
{
   "model": "admin.logentry",
   "pk": 92,
   "fields": {
      "action_time": "2024-03-03T12:30:06.688Z",
      "user": 1,
      "content_type": 9,
      "object_id": "1",
      "object_repr": "Nikralet",
      "action_flag": 2,
      "change_message": "[{\"changed\": {\"fields\": [\"\\u0411\\u0430\\u043b\\u043b\\u044b \\u043f\\u0440\\u043e\\u0433\\u0440\\u0430\\u043c\\u043c\\u044b \\u043b\\u043e\\u044f\\u043b\\u044c\\u043d\\u043e\\u0441\\u0442\\u0438\"]}}]"
   }
},
{
   "model": "admin.logentry",
   "pk": 93,
   "fields": {
      "action_time": "2024-03-03T12:32:02.767Z",
      "user": 1,
      "content_type": 9,
      "object_id": "1",
      "object_repr": "Nikralet",
      "action_flag": 2,
      "change_message": "[{\"changed\": {\"fields\": [\"\\u0411\\u0430\\u043b\\u043b\\u044b \\u043f\\u0440\\u043e\\u0433\\u0440\\u0430\\u043c\\u043c\\u044b \\u043b\\u043e\\u044f\\u043b\\u044c\\u043d\\u043e\\u0441\\u0442\\u0438\"]}}]"
   }
},
{
   "model": "admin.logentry",
   "pk": 94,
   "fields": {
      "action_time": "2024-03-03T12:37:21.543Z",
      "user": 1,
      "content_type": 9,
      "object_id": "1",
      "object_repr": "Nikralet",
      "action_flag": 2,
      "change_message": "[{\"changed\": {\"fields\": [\"\\u0411\\u0430\\u043b\\u043b\\u044b \\u043f\\u0440\\u043e\\u0433\\u0440\\u0430\\u043c\\u043c\\u044b \\u043b\\u043e\\u044f\\u043b\\u044c\\u043d\\u043e\\u0441\\u0442\\u0438\"]}}]"
   }
},
{
   "model": "admin.logentry",
   "pk": 95,
   "fields": {
      "action_time": "2024-03-03T12:38:17.062Z",
      "user": 1,
      "content_type": 9,
      "object_id": "1",
      "object_repr": "Nikralet",
      "action_flag": 2,
      "change_message": "[{\"changed\": {\"fields\": [\"\\u0411\\u0430\\u043b\\u043b\\u044b \\u043f\\u0440\\u043e\\u0433\\u0440\\u0430\\u043c\\u043c\\u044b \\u043b\\u043e\\u044f\\u043b\\u044c\\u043d\\u043e\\u0441\\u0442\\u0438\"]}}]"
   }
},
{
   "model": "admin.logentry",
   "pk": 96,
   "fields": {
      "action_time": "2024-03-04T06:36:12.316Z",
      "user": 1,
      "content_type": 9,
      "object_id": "1",
      "object_repr": "Nikralet",
      "action_flag": 2,
      "change_message": "[{\"changed\": {\"fields\": [\"\\u0411\\u0430\\u043b\\u043b\\u044b \\u043f\\u0440\\u043e\\u0433\\u0440\\u0430\\u043c\\u043c\\u044b \\u043b\\u043e\\u044f\\u043b\\u044c\\u043d\\u043e\\u0441\\u0442\\u0438\"]}}]"
   }
},
{
   "model": "admin.logentry",
   "pk": 97,
   "fields": {
      "action_time": "2024-03-04T07:35:20.213Z",
      "user": 1,
      "content_type": 10,
      "object_id": "41",
      "object_repr": "Заказ № 41 | Покупатель Назар Пащанин| Суммарная стоимость: 2100",
      "action_flag": 2,
      "change_message": "[{\"changed\": {\"fields\": [\"\\u041e\\u043f\\u043b\\u0430\\u0447\\u0435\\u043d\\u043e\"]}}]"
   }
},
{
   "model": "admin.logentry",
   "pk": 98,
   "fields": {
      "action_time": "2024-03-04T07:56:12.473Z",
      "user": 1,
      "content_type": 10,
      "object_id": "53",
      "object_repr": "Заказ № 53 | Покупатель Назар Пащанин| Суммарная стоимость: 0",
      "action_flag": 2,
      "change_message": "[{\"changed\": {\"fields\": [\"\\u041e\\u043f\\u043b\\u0430\\u0447\\u0435\\u043d\\u043e\"]}}]"
   }
},
{
   "model": "admin.logentry",
   "pk": 99,
   "fields": {
      "action_time": "2024-03-04T07:56:26.636Z",
      "user": 1,
      "content_type": 10,
      "object_id": "54",
      "object_repr": "Заказ № 54 | Покупатель Назар Пащанин| Суммарная стоимость: 2908",
      "action_flag": 2,
      "change_message": "[{\"changed\": {\"fields\": [\"\\u041e\\u043f\\u043b\\u0430\\u0447\\u0435\\u043d\\u043e\"]}}]"
   }
},
{
   "model": "admin.logentry",
   "pk": 100,
   "fields": {
      "action_time": "2024-03-04T08:42:28.756Z",
      "user": 1,
      "content_type": 7,
      "object_id": "3",
      "object_repr": "Продукт: Салат | Категория: Салаты",
      "action_flag": 2,
      "change_message": "[{\"changed\": {\"fields\": [\"\\u041f\\u0440\\u043e\\u0434\\u0430\\u0451\\u0442\\u0441\\u044f\"]}}]"
   }
},
{
   "model": "admin.logentry",
   "pk": 101,
   "fields": {
      "action_time": "2024-03-04T08:42:36.394Z",
      "user": 1,
      "content_type": 7,
      "object_id": "3",
      "object_repr": "Продукт: Салат | Категория: Салаты",
      "action_flag": 2,
      "change_message": "[{\"changed\": {\"fields\": [\"\\u041f\\u0440\\u043e\\u0434\\u0430\\u0451\\u0442\\u0441\\u044f\"]}}]"
   }
},
{
   "model": "admin.logentry",
   "pk": 102,
   "fields": {
      "action_time": "2024-03-04T14:15:21.207Z",
      "user": 1,
      "content_type": 7,
      "object_id": "1",
      "object_repr": "Продукт: Тестовый шашлык | Категория: Блюда на мангале",
      "action_flag": 2,
      "change_message": "[{\"changed\": {\"fields\": [\"\\u041f\\u0440\\u043e\\u0434\\u0430\\u0451\\u0442\\u0441\\u044f\"]}}]"
   }
},
{
   "model": "auth.permission",
   "pk": 1,
   "fields": {
      "name": "Can add log entry",
      "content_type": 1,
      "codename": "add_logentry"
   }
},
{
   "model": "auth.permission",
   "pk": 2,
   "fields": {
      "name": "Can change log entry",
      "content_type": 1,
      "codename": "change_logentry"
   }
},
{
   "model": "auth.permission",
   "pk": 3,
   "fields": {
      "name": "Can delete log entry",
      "content_type": 1,
      "codename": "delete_logentry"
   }
},
{
   "model": "auth.permission",
   "pk": 4,
   "fields": {
      "name": "Can view log entry",
      "content_type": 1,
      "codename": "view_logentry"
   }
},
{
   "model": "auth.permission",
   "pk": 5,
   "fields": {
      "name": "Can add permission",
      "content_type": 2,
      "codename": "add_permission"
   }
},
{
   "model": "auth.permission",
   "pk": 6,
   "fields": {
      "name": "Can change permission",
      "content_type": 2,
      "codename": "change_permission"
   }
},
{
   "model": "auth.permission",
   "pk": 7,
   "fields": {
      "name": "Can delete permission",
      "content_type": 2,
      "codename": "delete_permission"
   }
},
{
   "model": "auth.permission",
   "pk": 8,
   "fields": {
      "name": "Can view permission",
      "content_type": 2,
      "codename": "view_permission"
   }
},
{
   "model": "auth.permission",
   "pk": 9,
   "fields": {
      "name": "Can add group",
      "content_type": 3,
      "codename": "add_group"
   }
},
{
   "model": "auth.permission",
   "pk": 10,
   "fields": {
      "name": "Can change group",
      "content_type": 3,
      "codename": "change_group"
   }
},
{
   "model": "auth.permission",
   "pk": 11,
   "fields": {
      "name": "Can delete group",
      "content_type": 3,
      "codename": "delete_group"
   }
},
{
   "model": "auth.permission",
   "pk": 12,
   "fields": {
      "name": "Can view group",
      "content_type": 3,
      "codename": "view_group"
   }
},
{
   "model": "auth.permission",
   "pk": 13,
   "fields": {
      "name": "Can add content type",
      "content_type": 4,
      "codename": "add_contenttype"
   }
},
{
   "model": "auth.permission",
   "pk": 14,
   "fields": {
      "name": "Can change content type",
      "content_type": 4,
      "codename": "change_contenttype"
   }
},
{
   "model": "auth.permission",
   "pk": 15,
   "fields": {
      "name": "Can delete content type",
      "content_type": 4,
      "codename": "delete_contenttype"
   }
},
{
   "model": "auth.permission",
   "pk": 16,
   "fields": {
      "name": "Can view content type",
      "content_type": 4,
      "codename": "view_contenttype"
   }
},
{
   "model": "auth.permission",
   "pk": 17,
   "fields": {
      "name": "Can add session",
      "content_type": 5,
      "codename": "add_session"
   }
},
{
   "model": "auth.permission",
   "pk": 18,
   "fields": {
      "name": "Can change session",
      "content_type": 5,
      "codename": "change_session"
   }
},
{
   "model": "auth.permission",
   "pk": 19,
   "fields": {
      "name": "Can delete session",
      "content_type": 5,
      "codename": "delete_session"
   }
},
{
   "model": "auth.permission",
   "pk": 20,
   "fields": {
      "name": "Can view session",
      "content_type": 5,
      "codename": "view_session"
   }
},
{
   "model": "auth.permission",
   "pk": 21,
   "fields": {
      "name": "Can add basket",
      "content_type": 6,
      "codename": "add_basket"
   }
},
{
   "model": "auth.permission",
   "pk": 22,
   "fields": {
      "name": "Can change basket",
      "content_type": 6,
      "codename": "change_basket"
   }
},
{
   "model": "auth.permission",
   "pk": 23,
   "fields": {
      "name": "Can delete basket",
      "content_type": 6,
      "codename": "delete_basket"
   }
},
{
   "model": "auth.permission",
   "pk": 24,
   "fields": {
      "name": "Can view basket",
      "content_type": 6,
      "codename": "view_basket"
   }
},
{
   "model": "auth.permission",
   "pk": 25,
   "fields": {
      "name": "Can add Продукт",
      "content_type": 7,
      "codename": "add_product"
   }
},
{
   "model": "auth.permission",
   "pk": 26,
   "fields": {
      "name": "Can change Продукт",
      "content_type": 7,
      "codename": "change_product"
   }
},
{
   "model": "auth.permission",
   "pk": 27,
   "fields": {
      "name": "Can delete Продукт",
      "content_type": 7,
      "codename": "delete_product"
   }
},
{
   "model": "auth.permission",
   "pk": 28,
   "fields": {
      "name": "Can view Продукт",
      "content_type": 7,
      "codename": "view_product"
   }
},
{
   "model": "auth.permission",
   "pk": 29,
   "fields": {
      "name": "Can add Категории продуктов",
      "content_type": 8,
      "codename": "add_productcategory"
   }
},
{
   "model": "auth.permission",
   "pk": 30,
   "fields": {
      "name": "Can change Категории продуктов",
      "content_type": 8,
      "codename": "change_productcategory"
   }
},
{
   "model": "auth.permission",
   "pk": 31,
   "fields": {
      "name": "Can delete Категории продуктов",
      "content_type": 8,
      "codename": "delete_productcategory"
   }
},
{
   "model": "auth.permission",
   "pk": 32,
   "fields": {
      "name": "Can view Категории продуктов",
      "content_type": 8,
      "codename": "view_productcategory"
   }
},
{
   "model": "auth.permission",
   "pk": 33,
   "fields": {
      "name": "Can add user",
      "content_type": 9,
      "codename": "add_user"
   }
},
{
   "model": "auth.permission",
   "pk": 34,
   "fields": {
      "name": "Can change user",
      "content_type": 9,
      "codename": "change_user"
   }
},
{
   "model": "auth.permission",
   "pk": 35,
   "fields": {
      "name": "Can delete user",
      "content_type": 9,
      "codename": "delete_user"
   }
},
{
   "model": "auth.permission",
   "pk": 36,
   "fields": {
      "name": "Can view user",
      "content_type": 9,
      "codename": "view_user"
   }
},
{
   "model": "auth.permission",
   "pk": 37,
   "fields": {
      "name": "Can add Заказ",
      "content_type": 10,
      "codename": "add_order"
   }
},
{
   "model": "auth.permission",
   "pk": 38,
   "fields": {
      "name": "Can change Заказ",
      "content_type": 10,
      "codename": "change_order"
   }
},
{
   "model": "auth.permission",
   "pk": 39,
   "fields": {
      "name": "Can delete Заказ",
      "content_type": 10,
      "codename": "delete_order"
   }
},
{
   "model": "auth.permission",
   "pk": 40,
   "fields": {
      "name": "Can view Заказ",
      "content_type": 10,
      "codename": "view_order"
   }
},
{
   "model": "auth.permission",
   "pk": 41,
   "fields": {
      "name": "Can add Проданный товар",
      "content_type": 11,
      "codename": "add_orderitem"
   }
},
{
   "model": "auth.permission",
   "pk": 42,
   "fields": {
      "name": "Can change Проданный товар",
      "content_type": 11,
      "codename": "change_orderitem"
   }
},
{
   "model": "auth.permission",
   "pk": 43,
   "fields": {
      "name": "Can delete Проданный товар",
      "content_type": 11,
      "codename": "delete_orderitem"
   }
},
{
   "model": "auth.permission",
   "pk": 44,
   "fields": {
      "name": "Can view Проданный товар",
      "content_type": 11,
      "codename": "view_orderitem"
   }
},
{
   "model": "contenttypes.contenttype",
   "pk": 1,
   "fields": {
      "app_label": "admin",
      "model": "logentry"
   }
},
{
   "model": "contenttypes.contenttype",
   "pk": 2,
   "fields": {
      "app_label": "auth",
      "model": "permission"
   }
},
{
   "model": "contenttypes.contenttype",
   "pk": 3,
   "fields": {
      "app_label": "auth",
      "model": "group"
   }
},
{
   "model": "contenttypes.contenttype",
   "pk": 4,
   "fields": {
      "app_label": "contenttypes",
      "model": "contenttype"
   }
},
{
   "model": "contenttypes.contenttype",
   "pk": 5,
   "fields": {
      "app_label": "sessions",
      "model": "session"
   }
},
{
   "model": "contenttypes.contenttype",
   "pk": 6,
   "fields": {
      "app_label": "products",
      "model": "basket"
   }
},
{
   "model": "contenttypes.contenttype",
   "pk": 7,
   "fields": {
      "app_label": "products",
      "model": "product"
   }
},
{
   "model": "contenttypes.contenttype",
   "pk": 8,
   "fields": {
      "app_label": "products",
      "model": "productcategory"
   }
},
{
   "model": "contenttypes.contenttype",
   "pk": 9,
   "fields": {
      "app_label": "users",
      "model": "user"
   }
},
{
   "model": "contenttypes.contenttype",
   "pk": 10,
   "fields": {
      "app_label": "orders",
      "model": "order"
   }
},
{
   "model": "contenttypes.contenttype",
   "pk": 11,
   "fields": {
      "app_label": "orders",
      "model": "orderitem"
   }
},
{
   "model": "sessions.session",
   "pk": "w5eq1bi5xvm4h98ht1j6lbg32zchhn37",
   "fields": {
      "session_data": ".eJxVjMsOgjAUBf-la9OUtreIS_d8Q3NfWNRAQmFl_HclYaHbMzPnZTJua8lb1SWPYi6mMaffjZAfOu1A7jjdZsvztC4j2V2xB622n0Wf18P9OyhYy7dmJBLvQjucPVES15ICD9yB1xAJIoIAhg7UeY6B2xh1AJAGXWIfknl_AAfYOEw:1rfnmk:IkchXiI0J6FzJdbeLg7R7VOeDLfH9fQtAKTjLnif0z4",
      "expire_date": "2024-03-14T21:17:46.699Z"
   }
},
{
   "model": "products.productcategory",
   "pk": 1,
   "fields": {
      "name": "Все",
      "description": "Не трогать, никогда",
      "slug": "vse"
   }
},
{
   "model": "products.productcategory",
   "pk": 2,
   "fields": {
      "name": "Блюда на мангале",
      "description": "",
      "slug": "blyuda-na-mangale"
   }
},
{
   "model": "products.productcategory",
   "pk": 3,
   "fields": {
      "name": "Горячие блюда",
      "description": "",
      "slug": "goryachie-blyuda"
   }
},
{
   "model": "products.productcategory",
   "pk": 4,
   "fields": {
      "name": "Супы",
      "description": "",
      "slug": "supy"
   }
},
{
   "model": "products.productcategory",
   "pk": 5,
   "fields": {
      "name": "Гарниры",
      "description": "",
      "slug": "garniry"
   }
},
{
   "model": "products.productcategory",
   "pk": 6,
   "fields": {
      "name": "Салаты",
      "description": "",
      "slug": "salaty"
   }
},
{
   "model": "products.productcategory",
   "pk": 7,
   "fields": {
      "name": "Закуски",
      "description": "",
      "slug": "zakuski"
   }
},
{
   "model": "products.productcategory",
   "pk": 8,
   "fields": {
      "name": "Напитки",
      "description": "",
      "slug": "napitki"
   }
},
{
   "model": "products.product",
   "pk": 1,
   "fields": {
      "name": "Тестовый шашлык",
      "slug": "testovyj-shashlyk",
      "description": "Супер тестовый шашлык",
      "price": "1000",
      "weight": "10000",
      "on_or_off": false,
      "image": "products_images/6-90.jpg",
      "category": 2
   }
},
{
   "model": "products.product",
   "pk": 3,
   "fields": {
      "name": "Салат",
      "slug": "salat",
      "description": "Салат",
      "price": "100",
      "weight": "1",
      "on_or_off": true,
      "image": "products_images/2c53f6390803456c01d0f70432d6c59e_li3bsGi.jpeg",
      "category": 6
   }
},
{
   "model": "products.basket",
   "pk": 15,
   "fields": {
      "user": 3,
      "product": 1,
      "quantity": 1,
      "created_timestamp": "2024-02-27T07:34:30.628Z"
   }
},
{
   "model": "products.basket",
   "pk": 97,
   "fields": {
      "user": 1,
      "product": 1,
      "quantity": 4,
      "created_timestamp": "2024-03-04T07:55:36.884Z"
   }
},
{
   "model": "products.basket",
   "pk": 98,
   "fields": {
      "user": 1,
      "product": 3,
      "quantity": 1,
      "created_timestamp": "2024-03-04T08:38:24.191Z"
   }
},
{
   "model": "users.user",
   "pk": 1,
   "fields": {
      "password": "pbkdf2_sha256$720000$BCixBsfbPLzwQakrPekCKA$AJchfxLT9eD7kDI7ToeG4dX9aZMKIKlhQopCQLj08ww=",
      "last_login": "2024-02-29T21:17:46Z",
      "is_superuser": true,
      "username": "Nikralet",
      "first_name": "Назар",
      "last_name": "Пащанин",
      "email": "naz.psh@mail.ru",
      "is_staff": true,
      "is_active": true,
      "date_joined": "2024-02-23T12:38:22Z",
      "phone_number": "+79159533544",
      "image": "",
      "loyalty_program": 152,
      "groups": [],
      "user_permissions": []
   }
},
{
   "model": "users.user",
   "pk": 3,
   "fields": {
      "password": "pbkdf2_sha256$720000$iXr6imz7XqbVriGQtreuZs$Ocgd4+cZeyL7x+IPWYkynXCmFn9J8w37wegEVFSA65I=",
      "last_login": "2024-02-27T18:07:49Z",
      "is_superuser": false,
      "username": "Nikralet1",
      "first_name": "Назар",
      "last_name": "Пащанин",
      "email": "",
      "is_staff": false,
      "is_active": true,
      "date_joined": "2024-02-26T09:25:20Z",
      "phone_number": "+79159533546",
      "image": "",
      "loyalty_program": 0,
      "groups": [],
      "user_permissions": []
   }
},
{
   "model": "orders.order",
   "pk": 37,
   "fields": {
      "user": 1,
      "created_timestamp": "2023-03-03T12:38:53.429Z",
      "delivery_time": "10:34:15.221",
      "delivery_date": "2024-03-03",
      "phone_number": "+79159533544",
      "requires_delivery": true,
      "delivery_address": "",
      "payment_on_get": false,
      "is_paid": false,
      "deduct_points": true,
      "is_add": false,
      "status": "В обработке",
      "total_cost": "1050"
   }
},
{
   "model": "orders.order",
   "pk": 38,
   "fields": {
      "user": 1,
      "created_timestamp": "2023-05-04T06:31:28.828Z",
      "delivery_time": "10:34:15.221",
      "delivery_date": "2024-03-04",
      "phone_number": "+79159533544",
      "requires_delivery": true,
      "delivery_address": "пригородная 46",
      "payment_on_get": false,
      "is_paid": false,
      "deduct_points": true,
      "is_add": false,
      "status": "В обработке",
      "total_cost": "7050"
   }
},
{
   "model": "orders.order",
   "pk": 39,
   "fields": {
      "user": 1,
      "created_timestamp": "2022-06-04T06:43:25.971Z",
      "delivery_time": "10:34:15.221",
      "delivery_date": "2024-03-04",
      "phone_number": "+79159533544",
      "requires_delivery": false,
      "delivery_address": "",
      "payment_on_get": false,
      "is_paid": false,
      "deduct_points": true,
      "is_add": false,
      "status": "В обработке",
      "total_cost": "10950"
   }
},
{
   "model": "orders.order",
   "pk": 40,
   "fields": {
      "user": 1,
      "created_timestamp": "2024-03-04T07:30:55.807Z",
      "delivery_time": "10:34:15.221",
      "delivery_date": "2024-03-04",
      "phone_number": "+79159533544",
      "requires_delivery": true,
      "delivery_address": "",
      "payment_on_get": false,
      "is_paid": false,
      "deduct_points": true,
      "is_add": false,
      "status": "В обработке",
      "total_cost": "3050"
   }
},
{
   "model": "orders.order",
   "pk": 41,
   "fields": {
      "user": 1,
      "created_timestamp": "2024-03-04T07:34:15.221Z",
      "delivery_time": "10:34:15.221",
      "delivery_date": "2024-03-04",
      "phone_number": "+79159533544",
      "requires_delivery": true,
      "delivery_address": "",
      "payment_on_get": false,
      "is_paid": true,
      "deduct_points": false,
      "is_add": true,
      "status": "В обработке",
      "total_cost": "2100"
   }
},
{
   "model": "orders.order",
   "pk": 42,
   "fields": {
      "user": 1,
      "created_timestamp": "2024-03-04T07:37:22.332Z",
      "delivery_time": "10:37:22.332",
      "delivery_date": "2024-03-04",
      "phone_number": "+79159533544",
      "requires_delivery": true,
      "delivery_address": "",
      "payment_on_get": false,
      "is_paid": false,
      "deduct_points": true,
      "is_add": false,
      "status": "В обработке",
      "total_cost": "808"
   }
},
{
   "model": "orders.order",
   "pk": 43,
   "fields": {
      "user": 1,
      "created_timestamp": "2024-03-04T07:38:30.602Z",
      "delivery_time": "10:38:30.602",
      "delivery_date": "2024-03-04",
      "phone_number": "+79159533544",
      "requires_delivery": true,
      "delivery_address": "",
      "payment_on_get": false,
      "is_paid": false,
      "deduct_points": true,
      "is_add": false,
      "status": "В обработке",
      "total_cost": "808"
   }
},
{
   "model": "orders.order",
   "pk": 44,
   "fields": {
      "user": 1,
      "created_timestamp": "2024-03-04T07:42:19.139Z",
      "delivery_time": "10:42:19.139",
      "delivery_date": "2024-03-04",
      "phone_number": "+79159533544",
      "requires_delivery": true,
      "delivery_address": "",
      "payment_on_get": false,
      "is_paid": false,
      "deduct_points": false,
      "is_add": false,
      "status": "В обработке",
      "total_cost": "1100"
   }
},
{
   "model": "orders.order",
   "pk": 45,
   "fields": {
      "user": 1,
      "created_timestamp": "2024-03-04T07:43:28.474Z",
      "delivery_time": "10:43:28.474",
      "delivery_date": "2024-03-04",
      "phone_number": "+79159533544",
      "requires_delivery": true,
      "delivery_address": "",
      "payment_on_get": false,
      "is_paid": false,
      "deduct_points": true,
      "is_add": false,
      "status": "В обработке",
      "total_cost": "908"
   }
},
{
   "model": "orders.order",
   "pk": 46,
   "fields": {
      "user": 1,
      "created_timestamp": "2024-03-04T07:44:06.578Z",
      "delivery_time": "10:44:06.578",
      "delivery_date": "2024-03-04",
      "phone_number": "+79159533544",
      "requires_delivery": true,
      "delivery_address": "",
      "payment_on_get": false,
      "is_paid": false,
      "deduct_points": false,
      "is_add": false,
      "status": "В обработке",
      "total_cost": "1100"
   }
},
{
   "model": "orders.order",
   "pk": 47,
   "fields": {
      "user": 1,
      "created_timestamp": "2024-03-04T07:44:52.408Z",
      "delivery_time": "10:44:52.408",
      "delivery_date": "2024-03-04",
      "phone_number": "+79159533544",
      "requires_delivery": true,
      "delivery_address": "",
      "payment_on_get": false,
      "is_paid": false,
      "deduct_points": true,
      "is_add": false,
      "status": "В обработке",
      "total_cost": "808"
   }
},
{
   "model": "orders.order",
   "pk": 48,
   "fields": {
      "user": 1,
      "created_timestamp": "2024-03-04T07:47:55.689Z",
      "delivery_time": "11:47:00",
      "delivery_date": "2024-03-04",
      "phone_number": "+79159533544",
      "requires_delivery": true,
      "delivery_address": "",
      "payment_on_get": false,
      "is_paid": false,
      "deduct_points": false,
      "is_add": false,
      "status": "В обработке",
      "total_cost": "1000"
   }
},
{
   "model": "orders.order",
   "pk": 49,
   "fields": {
      "user": 1,
      "created_timestamp": "2024-03-04T07:48:15.640Z",
      "delivery_time": "17:04:00",
      "delivery_date": "2024-03-06",
      "phone_number": "+79159533544",
      "requires_delivery": true,
      "delivery_address": "",
      "payment_on_get": false,
      "is_paid": false,
      "deduct_points": false,
      "is_add": false,
      "status": "В обработке",
      "total_cost": "2100"
   }
},
{
   "model": "orders.order",
   "pk": 50,
   "fields": {
      "user": 1,
      "created_timestamp": "2024-03-04T07:49:51.863Z",
      "delivery_time": "11:00:00",
      "delivery_date": "2024-03-06",
      "phone_number": "+79159533544",
      "requires_delivery": true,
      "delivery_address": "",
      "payment_on_get": false,
      "is_paid": false,
      "deduct_points": true,
      "is_add": false,
      "status": "В обработке",
      "total_cost": "808"
   }
},
{
   "model": "orders.order",
   "pk": 51,
   "fields": {
      "user": 1,
      "created_timestamp": "2024-03-04T07:50:13.036Z",
      "delivery_time": "11:00:00",
      "delivery_date": "2024-03-06",
      "phone_number": "+79159533544",
      "requires_delivery": true,
      "delivery_address": "",
      "payment_on_get": false,
      "is_paid": false,
      "deduct_points": true,
      "is_add": false,
      "status": "В обработке",
      "total_cost": "908"
   }
},
{
   "model": "orders.order",
   "pk": 52,
   "fields": {
      "user": 1,
      "created_timestamp": "2024-03-04T07:52:32.124Z",
      "delivery_time": "11:52:00",
      "delivery_date": "2024-03-04",
      "phone_number": "+79159533544",
      "requires_delivery": true,
      "delivery_address": "",
      "payment_on_get": false,
      "is_paid": false,
      "deduct_points": true,
      "is_add": false,
      "status": "В обработке",
      "total_cost": "908"
   }
},
{
   "model": "orders.order",
   "pk": 53,
   "fields": {
      "user": 1,
      "created_timestamp": "2024-03-04T07:54:54.756Z",
      "delivery_time": "11:54:00",
      "delivery_date": "2024-03-04",
      "phone_number": "+79159533544",
      "requires_delivery": true,
      "delivery_address": "",
      "payment_on_get": false,
      "is_paid": true,
      "deduct_points": true,
      "is_add": true,
      "status": "В обработке",
      "total_cost": "0"
   }
},
{
   "model": "orders.order",
   "pk": 54,
   "fields": {
      "user": 1,
      "created_timestamp": "2024-03-04T07:55:31.958Z",
      "delivery_time": "11:55:00",
      "delivery_date": "2024-03-04",
      "phone_number": "+79159533544",
      "requires_delivery": true,
      "delivery_address": "",
      "payment_on_get": false,
      "is_paid": true,
      "deduct_points": true,
      "is_add": true,
      "status": "В обработке",
      "total_cost": "2908"
   }
},
{
   "model": "orders.orderitem",
   "pk": 63,
   "fields": {
      "order": 37,
      "product": 1,
      "name": "Тестовый шашлык",
      "price": "1000",
      "weight": "10000",
      "quantity": 1,
      "created_timestamp": "2024-03-03T12:38:53.433Z"
   }
},
{
   "model": "orders.orderitem",
   "pk": 64,
   "fields": {
      "order": 37,
      "product": 3,
      "name": "Салат",
      "price": "100",
      "weight": "1",
      "quantity": 1,
      "created_timestamp": "2024-03-03T12:38:53.435Z"
   }
},
{
   "model": "orders.orderitem",
   "pk": 65,
   "fields": {
      "order": 38,
      "product": 1,
      "name": "Тестовый шашлык",
      "price": "1000",
      "weight": "10000",
      "quantity": 7,
      "created_timestamp": "2024-03-04T06:31:28.830Z"
   }
},
{
   "model": "orders.orderitem",
   "pk": 66,
   "fields": {
      "order": 38,
      "product": 3,
      "name": "Салат",
      "price": "100",
      "weight": "1",
      "quantity": 1,
      "created_timestamp": "2024-03-04T06:31:28.854Z"
   }
},
{
   "model": "orders.orderitem",
   "pk": 67,
   "fields": {
      "order": 39,
      "product": 1,
      "name": "Тестовый шашлык",
      "price": "1000",
      "weight": "10000",
      "quantity": 10,
      "created_timestamp": "2024-03-04T06:43:25.973Z"
   }
},
{
   "model": "orders.orderitem",
   "pk": 68,
   "fields": {
      "order": 39,
      "product": 3,
      "name": "Салат",
      "price": "100",
      "weight": "1",
      "quantity": 11,
      "created_timestamp": "2024-03-04T06:43:25.976Z"
   }
},
{
   "model": "orders.orderitem",
   "pk": 69,
   "fields": {
      "order": 40,
      "product": 1,
      "name": "Тестовый шашлык",
      "price": "1000",
      "weight": "10000",
      "quantity": 3,
      "created_timestamp": "2024-03-04T07:30:55.811Z"
   }
},
{
   "model": "orders.orderitem",
   "pk": 70,
   "fields": {
      "order": 40,
      "product": 3,
      "name": "Салат",
      "price": "100",
      "weight": "1",
      "quantity": 2,
      "created_timestamp": "2024-03-04T07:30:55.815Z"
   }
},
{
   "model": "orders.orderitem",
   "pk": 71,
   "fields": {
      "order": 41,
      "product": 1,
      "name": "Тестовый шашлык",
      "price": "1000",
      "weight": "10000",
      "quantity": 2,
      "created_timestamp": "2024-03-04T07:34:15.225Z"
   }
},
{
   "model": "orders.orderitem",
   "pk": 72,
   "fields": {
      "order": 41,
      "product": 3,
      "name": "Салат",
      "price": "100",
      "weight": "1",
      "quantity": 1,
      "created_timestamp": "2024-03-04T07:34:15.226Z"
   }
},
{
   "model": "orders.orderitem",
   "pk": 73,
   "fields": {
      "order": 42,
      "product": 1,
      "name": "Тестовый шашлык",
      "price": "1000",
      "weight": "10000",
      "quantity": 1,
      "created_timestamp": "2024-03-04T07:37:22.335Z"
   }
},
{
   "model": "orders.orderitem",
   "pk": 74,
   "fields": {
      "order": 43,
      "product": 1,
      "name": "Тестовый шашлык",
      "price": "1000",
      "weight": "10000",
      "quantity": 1,
      "created_timestamp": "2024-03-04T07:38:30.606Z"
   }
},
{
   "model": "orders.orderitem",
   "pk": 75,
   "fields": {
      "order": 44,
      "product": 1,
      "name": "Тестовый шашлык",
      "price": "1000",
      "weight": "10000",
      "quantity": 1,
      "created_timestamp": "2024-03-04T07:42:19.143Z"
   }
},
{
   "model": "orders.orderitem",
   "pk": 76,
   "fields": {
      "order": 44,
      "product": 3,
      "name": "Салат",
      "price": "100",
      "weight": "1",
      "quantity": 1,
      "created_timestamp": "2024-03-04T07:42:19.145Z"
   }
},
{
   "model": "orders.orderitem",
   "pk": 77,
   "fields": {
      "order": 45,
      "product": 1,
      "name": "Тестовый шашлык",
      "price": "1000",
      "weight": "10000",
      "quantity": 1,
      "created_timestamp": "2024-03-04T07:43:28.476Z"
   }
},
{
   "model": "orders.orderitem",
   "pk": 78,
   "fields": {
      "order": 45,
      "product": 3,
      "name": "Салат",
      "price": "100",
      "weight": "1",
      "quantity": 1,
      "created_timestamp": "2024-03-04T07:43:28.478Z"
   }
},
{
   "model": "orders.orderitem",
   "pk": 79,
   "fields": {
      "order": 46,
      "product": 1,
      "name": "Тестовый шашлык",
      "price": "1000",
      "weight": "10000",
      "quantity": 1,
      "created_timestamp": "2024-03-04T07:44:06.581Z"
   }
},
{
   "model": "orders.orderitem",
   "pk": 80,
   "fields": {
      "order": 46,
      "product": 3,
      "name": "Салат",
      "price": "100",
      "weight": "1",
      "quantity": 1,
      "created_timestamp": "2024-03-04T07:44:06.582Z"
   }
},
{
   "model": "orders.orderitem",
   "pk": 81,
   "fields": {
      "order": 47,
      "product": 1,
      "name": "Тестовый шашлык",
      "price": "1000",
      "weight": "10000",
      "quantity": 1,
      "created_timestamp": "2024-03-04T07:44:52.411Z"
   }
},
{
   "model": "orders.orderitem",
   "pk": 82,
   "fields": {
      "order": 48,
      "product": 1,
      "name": "Тестовый шашлык",
      "price": "1000",
      "weight": "10000",
      "quantity": 1,
      "created_timestamp": "2024-03-04T07:47:55.692Z"
   }
},
{
   "model": "orders.orderitem",
   "pk": 83,
   "fields": {
      "order": 49,
      "product": 3,
      "name": "Салат",
      "price": "100",
      "weight": "1",
      "quantity": 1,
      "created_timestamp": "2024-03-04T07:48:15.643Z"
   }
},
{
   "model": "orders.orderitem",
   "pk": 84,
   "fields": {
      "order": 49,
      "product": 1,
      "name": "Тестовый шашлык",
      "price": "1000",
      "weight": "10000",
      "quantity": 2,
      "created_timestamp": "2024-03-04T07:48:15.645Z"
   }
},
{
   "model": "orders.orderitem",
   "pk": 85,
   "fields": {
      "order": 50,
      "product": 1,
      "name": "Тестовый шашлык",
      "price": "1000",
      "weight": "10000",
      "quantity": 1,
      "created_timestamp": "2024-03-04T07:49:51.865Z"
   }
},
{
   "model": "orders.orderitem",
   "pk": 86,
   "fields": {
      "order": 51,
      "product": 1,
      "name": "Тестовый шашлык",
      "price": "1000",
      "weight": "10000",
      "quantity": 1,
      "created_timestamp": "2024-03-04T07:50:13.038Z"
   }
},
{
   "model": "orders.orderitem",
   "pk": 87,
   "fields": {
      "order": 51,
      "product": 3,
      "name": "Салат",
      "price": "100",
      "weight": "1",
      "quantity": 1,
      "created_timestamp": "2024-03-04T07:50:13.061Z"
   }
},
{
   "model": "orders.orderitem",
   "pk": 88,
   "fields": {
      "order": 52,
      "product": 1,
      "name": "Тестовый шашлык",
      "price": "1000",
      "weight": "10000",
      "quantity": 1,
      "created_timestamp": "2024-03-04T07:52:32.126Z"
   }
},
{
   "model": "orders.orderitem",
   "pk": 89,
   "fields": {
      "order": 52,
      "product": 3,
      "name": "Салат",
      "price": "100",
      "weight": "1",
      "quantity": 1,
      "created_timestamp": "2024-03-04T07:52:32.128Z"
   }
},
{
   "model": "orders.orderitem",
   "pk": 90,
   "fields": {
      "order": 53,
      "product": 3,
      "name": "Салат",
      "price": "100",
      "weight": "1",
      "quantity": 1,
      "created_timestamp": "2024-03-04T07:54:54.759Z"
   }
},
{
   "model": "orders.orderitem",
   "pk": 91,
   "fields": {
      "order": 54,
      "product": 1,
      "name": "Тестовый шашлык",
      "price": "1000",
      "weight": "10000",
      "quantity": 3,
      "created_timestamp": "2024-03-04T07:55:31.960Z"
   }
}
]
